product_id,stock_count
FUR-BO-10001798,1532
FUR-CH-10000454,768
OFF-LA-10000240,994
FUR-TA-10000577,1107
OFF-ST-10000760,675
FUR-FU-10001487,1892
OFF-AR-10002833,1041
TEC-PH-10002275,1296
OFF-BI-10003910,1787
OFF-AP-10002892,964
FUR-TA-10001539,1240
TEC-PH-10002033,850
OFF-PA-10002365,657
OFF-BI-10003656,1327
OFF-AP-10002311,976
OFF-BI-10000756,500
OFF-ST-10004186,1182
OFF-ST-10000107,1449
OFF-AR-10003056,1938
TEC-PH-10001949,1216
OFF-BI-10002215,1634
OFF-AR-10000246,1575
OFF-AP-10001492,832
FUR-CH-10002774,694
OFF-BI-10001634,1027
TEC-AC-10003027,1834
FUR-BO-10004834,1679
OFF-BI-10000474,1126
FUR-FU-10004848,793
OFF-EN-10001509,1967
OFF-AR-10004042,999
OFF-BI-10001525,586
OFF-AR-10001683,1259
OFF-PA-10000249,1465
TEC-PH-10004977,1796
FUR-FU-10003664,1322
OFF-EN-10002986,1506
FUR-BO-10002545,1873
FUR-CH-10004218,1975
TEC-PH-10000486,1274
TEC-PH-10004093,1368
OFF-ST-10003479,1708
OFF-ST-10003282,1812
TEC-AC-10000171,1498
OFF-BI-10003291,1596
OFF-ST-10001713,1294
TEC-AC-10002167,1703
TEC-PH-10003988,1620
OFF-BI-10004410,1138
OFF-LA-10002762,1385
FUR-FU-10001706,1928
FUR-CH-10003061,1993
OFF-FA-10000304,1910
TEC-PH-10002447,1429
OFF-ST-10000604,1801
OFF-PA-10001569,1622
FUR-CH-10003968,1108
OFF-PA-10000587,1046
OFF-BI-10001460,960
OFF-AR-10001868,1927
TEC-AC-10004633,965
OFF-BI-10001078,1217
OFF-PA-10003892,1847
FUR-FU-10000397,1456
FUR-CH-10001146,1478
OFF-AR-10002671,1757
TEC-PH-10002726,1085
OFF-PA-10000482,748
OFF-BI-10004654,1934
OFF-PA-10004675,1701
FUR-CH-10000513,1396
FUR-FU-10003708,1052
OFF-ST-10004123,791
OFF-BI-10004182,670
FUR-FU-10000260,1922
OFF-ST-10000615,899
FUR-FU-10003194,1215
OFF-AP-10002118,1045
OFF-BI-10002309,740
OFF-AR-10002053,659
OFF-ST-10002370,1743
OFF-EN-10000927,1694
OFF-ST-10003656,1537
FUR-CH-10000863,1130
TEC-AC-10001998,1447
OFF-LA-10000134,953
OFF-ST-10003442,792
OFF-AR-10004930,711
OFF-PA-10000304,1172
OFF-PA-10003177,1508
FUR-FU-10003799,1691
OFF-BI-10002852,1685
OFF-BI-10004738,1166
FUR-FU-10000629,737
OFF-BI-10001721,1905
OFF-AP-10000358,1881
OFF-PA-10003256,1038
TEC-AC-10001767,1083
OFF-BI-10002609,1891
OFF-PA-10004040,1830
TEC-AC-10001552,996
FUR-FU-10004006,1117
OFF-BI-10002794,1845
TEC-AC-10003499,1407
TEC-PH-10002844,1462
OFF-AR-10000390,1545
TEC-AC-10000844,968
FUR-FU-10001934,884
OFF-AR-10000380,1171
OFF-BI-10003981,1931
OFF-FA-10000621,1933
OFF-EN-10002600,1123
OFF-PA-10004965,918
OFF-EN-10002504,840
FUR-TA-10001768,1047
OFF-BI-10003650,1222
FUR-FU-10002157,1227
OFF-ST-10000777,1089
OFF-EN-10002500,754
TEC-PH-10003875,696
FUR-CH-10004063,1326
FUR-TA-10004534,1285
OFF-BI-10003274,1086
OFF-ST-10002974,1414
FUR-FU-10003773,1282
TEC-PH-10002293,876
OFF-PA-10002377,1128
OFF-FA-10002780,1165
OFF-PA-10001804,1100
OFF-PA-10001736,776
OFF-AR-10001149,792
OFF-FA-10002988,1168
OFF-BI-10004781,1163
OFF-SU-10001218,1325
OFF-AR-10000940,934
OFF-EN-10004030,888
OFF-PA-10004327,1140
OFF-AP-10001058,1302
FUR-FU-10000521,1290
TEC-PH-10000215,1181
TEC-PH-10001448,787
OFF-BI-10002735,708
OFF-AP-10000326,1104
TEC-PH-10001254,1248
OFF-PA-10001950,1224
OFF-PA-10002254,1233
OFF-ST-10001590,951
OFF-AR-10001547,876
OFF-LA-10002475,1107
TEC-PH-10004536,1411
OFF-PA-10002751,1401
TEC-AC-10003657,1001
OFF-EN-10001990,747
OFF-BI-10004002,636
OFF-AR-10004441,982
TEC-MA-10000822,992
OFF-ST-10000991,1032
FUR-CH-10004287,714
OFF-AR-10002656,669
OFF-AP-10002518,1107
TEC-PH-10003931,1250
OFF-PA-10000659,1214
OFF-PA-10001144,1197
FUR-CH-10003817,890
OFF-AP-10000891,801
OFF-LA-10003148,993
OFF-AP-10002684,1273
FUR-CH-10004698,1246
OFF-SU-10002189,850
OFF-AR-10001940,679
OFF-ST-10003455,608
TEC-AC-10004659,963
TEC-PH-10003273,941
TEC-PH-10004896,911
TEC-AC-10002345,667
OFF-BI-10001890,621
TEC-AC-10002323,1206
OFF-ST-10001328,1329
FUR-BO-10002613,1266
TEC-PH-10001552,1145
OFF-PA-10000061,837
OFF-AR-10003514,773
OFF-AR-10004685,1059
OFF-AR-10004027,1110
OFF-ST-10001414,1196
OFF-BI-10000343,1119
OFF-PA-10002749,646
OFF-PA-10002666,598
FUR-TA-10004289,1177
OFF-AP-10003622,1333
OFF-AP-10003217,1292
FUR-FU-10002960,1087
TEC-PH-10001918,812
OFF-ST-10000642,754
TEC-PH-10001700,1035
OFF-FA-10000134,972
OFF-ST-10001522,1024
TEC-AC-10001266,743
OFF-LA-10004544,697
FUR-BO-10004695,1265
TEC-MA-10000864,1321
TEC-AC-10000109,1296
TEC-PH-10002563,1219
OFF-FA-10000585,905
OFF-PA-10004000,827
FUR-FU-10000087,1141
TEC-MA-10001148,1049
OFF-AR-10001958,1112
OFF-AR-10001026,1154
FUR-TA-10003748,877
OFF-ST-10002485,789
FUR-CH-10004860,1021
FUR-CH-10004477,1064
OFF-BI-10001679,1199
FUR-TA-10001705,1088
FUR-TA-10003473,626
FUR-FU-10004017,566
TEC-AC-10003832,1028
OFF-PA-10002479,1193
OFF-PA-10003349,1166
FUR-FU-10000576,1071
FUR-FU-10004351,789
TEC-PH-10000011,702
FUR-TA-10002607,913
FUR-FU-10002505,823
OFF-ST-10002276,951
OFF-PA-10004082,883
OFF-AP-10002945,690
FUR-CH-10002965,657
OFF-PA-10004569,993
OFF-ST-10001228,1076
OFF-EN-10003296,1105
OFF-ST-10004804,1048
TEC-PH-10001580,761
TEC-AC-10000290,666
OFF-ST-10002790,980
OFF-BI-10003460,917
OFF-AP-10002203,951
TEC-MA-10003353,888
TEC-PH-10001433,621
TEC-AC-10004469,571
OFF-AR-10003602,1090
OFF-FA-10003472,1007
OFF-ST-10004180,1050
OFF-EN-10004386,999
OFF-ST-10003208,489
TEC-AC-10003628,879
FUR-FU-10003274,909
OFF-BI-10002557,663
OFF-PA-10002615,576
OFF-AR-10001427,436
OFF-PA-10000673,341
OFF-PA-10004470,945
OFF-ST-10000876,497
OFF-LA-10002043,916
OFF-BI-10004967,428
TEC-PH-10001760,312
FUR-TA-10002903,385
OFF-PA-10000474,159
TEC-AC-10001956,390
OFF-PA-10004100,289
OFF-BI-10000778,469
OFF-SU-10000646,800
OFF-FA-10002983,610
OFF-LA-10004689,131
TEC-AC-10002001,732
FUR-BO-10004709,945
FUR-FU-10004091,133
FUR-CH-10001891,394
FUR-FU-10002918,850
OFF-BI-10004593,365
OFF-FA-10004854,187
OFF-PA-10002105,211
OFF-ST-10002756,503
OFF-PA-10004243,857
FUR-FU-10001861,373
OFF-BI-10002706,983
FUR-TA-10002533,515
FUR-FU-10002671,550
OFF-AR-10003651,378
OFF-BI-10001072,675
OFF-AR-10002135,786
OFF-AR-10002804,515
FUR-FU-10001918,505
FUR-CH-10004086,112
FUR-FU-10001756,394
OFF-LA-10000634,298
FUR-FU-10001588,289
TEC-PH-10002398,492
OFF-PA-10001937,254
OFF-AR-10003373,974
FUR-CH-10002602,405
TEC-MA-10002927,827
TEC-AC-10000892,801
OFF-FA-10000624,883
TEC-AC-10001908,665
FUR-FU-10001967,817
TEC-PH-10003645,548
OFF-ST-10000675,947
FUR-CH-10003312,377
OFF-LA-10001074,697
OFF-BI-10001524,518
TEC-PH-10004614,668
OFF-BI-10001153,340
OFF-BI-10001982,204
OFF-BI-10001922,446
TEC-CO-10001449,468
OFF-BI-10004140,303
OFF-BI-10003314,919
FUR-TA-10004575,816
OFF-FA-10000490,178
OFF-AR-10000122,382
TEC-PH-10000702,367
OFF-AR-10001374,217
OFF-PA-10001970,382
OFF-BI-10002160,447
OFF-BI-10004995,660
FUR-BO-10002268,443
OFF-EN-10001137,292
OFF-AR-10002399,901
OFF-PA-10002713,410
OFF-AP-10001124,885
OFF-LA-10001158,444
FUR-CH-10000785,719
OFF-AR-10003732,685
FUR-FU-10000023,663
OFF-BI-10002412,410
OFF-SU-10001225,541
OFF-ST-10002406,821
OFF-PA-10002036,534
OFF-ST-10002205,585
TEC-AC-10003911,981
OFF-AR-10000658,423
TEC-AC-10002076,369
OFF-PA-10003039,846
FUR-TA-10004915,366
OFF-AP-10000696,841
OFF-ST-10003327,624
OFF-BI-10000309,514
OFF-PA-10004734,261
OFF-BI-10002225,491
TEC-AC-10004708,887
FUR-TA-10000617,126
TEC-AC-10002335,521
TEC-MA-10001681,835
FUR-FU-10001935,279
OFF-AR-10004757,356
OFF-BI-10000050,577
TEC-PH-10003012,349
TEC-CO-10002313,350
OFF-BI-10003982,517
OFF-BI-10004492,942
OFF-ST-10000798,615
OFF-PA-10002552,209
OFF-SU-10002573,305
OFF-ST-10001580,714
OFF-ST-10000934,247
TEC-AC-10000158,317
OFF-PA-10001947,408
OFF-AR-10003478,558
OFF-AP-10004249,328
TEC-CO-10004115,958
OFF-PA-10003724,374
FUR-TA-10002041,492
OFF-PA-10002893,853
OFF-LA-10003766,961
FUR-BO-10001972,974
FUR-CH-10003956,779
OFF-PA-10000157,333
OFF-AR-10004344,650
FUR-CH-10004886,974
OFF-PA-10003845,224
OFF-AR-10001573,387
OFF-EN-10000483,778
TEC-AC-10004114,244
FUR-FU-10004712,883
OFF-ST-10000918,248
FUR-CH-10000015,349
FUR-FU-10003347,386
OFF-BI-10001543,272
TEC-MA-10000029,885
OFF-AR-10000369,214
OFF-BI-10004584,178
OFF-ST-10000617,390
OFF-ST-10003306,398
OFF-BI-10000773,717
TEC-AC-10002600,627
TEC-MA-10002937,518
OFF-PA-10002230,866
FUR-CH-10003396,566
FUR-FU-10000246,192
OFF-ST-10000060,521
OFF-ST-10003058,606
OFF-PA-10002222,141
FUR-CH-10002372,705
OFF-LA-10001317,725
FUR-FU-10000206,156
OFF-AR-10000588,244
OFF-ST-10001469,864
OFF-AR-10001953,496
OFF-AR-10003156,893
OFF-AR-10004974,832
TEC-PH-10002365,720
OFF-ST-10000142,901
TEC-AC-10001772,818
FUR-CH-10000225,328
FUR-CH-10002331,474
OFF-EN-10001415,946
OFF-AP-10002472,889
TEC-AC-10004571,785
OFF-BI-10001098,997
FUR-TA-10001889,173
OFF-BI-10000315,240
OFF-SU-10003505,262
OFF-AP-10002578,952
FUR-BO-10002824,386
OFF-BI-10002194,602
OFF-PA-10004071,142
OFF-ST-10002743,361
FUR-BO-10001601,691
TEC-PH-10002680,808
OFF-ST-10001321,955
OFF-PA-10001509,735
OFF-PA-10003465,441
TEC-PH-10000149,434
OFF-AR-10003045,468
OFF-ST-10000689,249
TEC-AC-10001445,551
TEC-AC-10002567,656
OFF-LA-10003923,276
FUR-BO-10001337,831
TEC-PH-10001924,893
TEC-PH-10001363,291
TEC-PH-10000376,642
TEC-AC-10000303,724
OFF-ST-10001809,455
OFF-EN-10003845,239
TEC-AC-10000991,121
FUR-TA-10001857,182
OFF-EN-10001434,414
OFF-BI-10002498,168
FUR-FU-10004864,631
FUR-FU-10000073,332
OFF-BI-10001670,725
OFF-BI-10001658,215
FUR-CH-10001215,926
OFF-BI-10000831,264
OFF-PA-10000357,132
OFF-AR-10001662,728
OFF-AR-10003856,129
OFF-BI-10003527,186
FUR-FU-10001290,879
TEC-AC-10002399,643
OFF-AR-10003811,294
OFF-AR-10001246,440
TEC-CO-10003236,855
OFF-ST-10004507,127
OFF-PA-10001667,310
OFF-ST-10004459,807
OFF-ST-10000736,887
OFF-BI-10000285,738
TEC-PH-10003555,115
OFF-FA-10002815,989
FUR-CH-10003379,262
OFF-ST-10004963,925
OFF-SU-10002881,255
OFF-EN-10001335,835
FUR-CH-10000595,343
FUR-FU-10000448,325
TEC-PH-10000984,509
OFF-ST-10001325,731
OFF-BI-10002429,249
OFF-BI-10004528,371
OFF-AP-10001271,782
FUR-CH-10002647,726
TEC-AC-10001432,571
TEC-PH-10002262,207
TEC-AC-10001465,695
TEC-PH-10002597,546
FUR-FU-10000723,688
OFF-BI-10000404,197
OFF-PA-10002986,394
OFF-SU-10001935,379
FUR-CH-10002024,508
FUR-FU-10003039,238
OFF-FA-10004248,449
OFF-ST-10001780,853
OFF-AR-10003560,197
OFF-LA-10001297,701
FUR-TA-10004256,723
OFF-PA-10003441,298
OFF-BI-10000069,505
OFF-AP-10003914,520
FUR-FU-10004020,664
OFF-FA-10003467,153
TEC-PH-10002496,859
OFF-PA-10004530,923
OFF-BI-10001107,167
OFF-PA-10004451,317
FUR-CH-10004997,779
TEC-PH-10000347,169
OFF-AR-10003394,692
OFF-PA-10001450,824
OFF-SU-10001574,133
FUR-FU-10001475,940
OFF-SU-10004498,894
TEC-PH-10000586,865
OFF-BI-10002764,515
OFF-LA-10003930,344
TEC-PH-10003800,958
OFF-PA-10002005,885
OFF-PA-10004101,392
OFF-AR-10004078,709
OFF-AP-10004708,994
FUR-FU-10001979,791
OFF-SU-10004115,731
TEC-PH-10001425,170
TEC-PH-10003963,120
OFF-ST-10001490,633
OFF-PA-10002120,282
OFF-BI-10000848,462
TEC-PH-10003092,348
OFF-LA-10004345,889
OFF-PA-10001204,621
TEC-PH-10004667,855
OFF-BI-10002949,361
FUR-FU-10003849,230
FUR-FU-10000010,139
OFF-BI-10002824,972
TEC-PH-10002538,159
OFF-BI-10002103,139
FUR-CH-10004853,616
OFF-AP-10000179,411
OFF-ST-10001272,549
FUR-FU-10000221,136
OFF-AP-10001563,338
OFF-BI-10000605,240
OFF-ST-10001963,357
TEC-AC-10001267,852
TEC-PH-10002103,200
TEC-AC-10002857,960
FUR-CH-10001482,429
OFF-BI-10001989,689
OFF-AP-10003287,261
OFF-BI-10004728,889
FUR-FU-10000732,838
OFF-ST-10000585,148
OFF-LA-10002787,540
OFF-PA-10001934,165
OFF-AP-10002457,702
OFF-FA-10003112,373
OFF-AP-10002350,731
TEC-AC-10001142,972
TEC-AC-10001101,942
OFF-AP-10002439,698
OFF-BI-10002827,726
OFF-EN-10002230,572
OFF-ST-10001511,125
OFF-SU-10004231,676
TEC-PH-10004042,439
FUR-FU-10003096,319
FUR-FU-10002759,769
FUR-TA-10000688,761
OFF-AR-10001954,264
OFF-AP-10004532,894
OFF-PA-10002137,155
OFF-AP-10000804,640
TEC-AC-10003614,217
FUR-FU-10003553,469
OFF-BI-10004632,144
OFF-BI-10003305,711
OFF-ST-10002583,194
TEC-MA-10004125,204
OFF-LA-10001934,399
FUR-BO-10004015,978
FUR-FU-10004071,725
OFF-ST-10002444,157
TEC-AC-10002253,875
OFF-PA-10000743,889
OFF-LA-10002312,677
OFF-LA-10003510,363
OFF-AR-10001118,844
OFF-BI-10001575,356
FUR-FU-10003394,848
FUR-TA-10002774,432
OFF-PA-10001800,208
OFF-AP-10001469,886
FUR-BO-10003272,220
OFF-EN-10001219,350
OFF-AP-10001154,105
TEC-AC-10001606,973
OFF-BI-10003355,713
FUR-FU-10002253,499
OFF-PA-10004092,384
FUR-TA-10000198,607
OFF-ST-10000036,938
FUR-FU-10000222,108
OFF-SU-10004664,936
OFF-EN-10001141,156
TEC-PH-10002170,304
OFF-PA-10001954,997
FUR-TA-10002228,747
OFF-ST-10004634,446
TEC-AC-10003610,599
FUR-BO-10001619,168
OFF-BI-10000138,864
TEC-AC-10001383,513
OFF-LA-10003223,746
OFF-BI-10004094,752
OFF-PA-10004971,911
OFF-SU-10004261,598
TEC-PH-10000004,535
OFF-BI-10003638,756
FUR-FU-10003577,723
OFF-BI-10000546,239
TEC-CO-10002095,260
FUR-TA-10001095,781
OFF-LA-10004484,112
OFF-EN-10001532,473
TEC-AC-10003174,654
OFF-BI-10004187,469
OFF-ST-10000025,247
FUR-FU-10004306,867
FUR-CH-10003746,531
OFF-BI-10001036,635
OFF-BI-10000301,661
OFF-AR-10004648,214
FUR-FU-10002597,958
OFF-AR-10003405,881
FUR-CH-10002335,125
OFF-PA-10003657,505
FUR-BO-10004409,291
TEC-AC-10000057,137
OFF-EN-10000056,853
OFF-BI-10000014,512
FUR-CH-10004675,618
OFF-BI-10001132,830
FUR-CH-10003199,722
TEC-PH-10001530,594
OFF-LA-10001569,189
OFF-PA-10000176,541
OFF-LA-10002271,298
FUR-FU-10004090,454
OFF-AP-10000576,256
OFF-PA-10003953,767
FUR-FU-10000794,458
OFF-AR-10001897,554
TEC-PH-10001795,158
TEC-AC-10004901,724
OFF-AR-10003190,410
OFF-AP-10000240,862
TEC-AC-10001838,414
OFF-PA-10003651,755
OFF-BI-10003094,568
FUR-CH-10001394,102
OFF-BI-10004230,984
OFF-PA-10003395,893
TEC-AC-10002402,351
TEC-AC-10003441,504
OFF-FA-10002280,241
OFF-SU-10000381,220
OFF-EN-10004459,542
FUR-CH-10000665,462
OFF-AP-10003884,290
TEC-PH-10001557,364
TEC-PH-10002085,277
OFF-AR-10002956,559
OFF-AP-10003266,408
TEC-MA-10004002,717
OFF-BI-10001071,131
OFF-PA-10001560,605
OFF-AR-10002578,389
FUR-BO-10001519,678
OFF-BI-10001294,795
OFF-BI-10001636,261
OFF-SU-10002503,297
OFF-LA-10004093,746
FUR-FU-10003878,812
TEC-AC-10000710,641
OFF-AR-10002335,702
OFF-PA-10001870,942
OFF-PA-10001019,558
OFF-SU-10002537,386
OFF-ST-10003221,269
OFF-AR-10003752,442
TEC-AC-10001714,485
OFF-AR-10003958,908
TEC-PH-10002923,561
OFF-LA-10004272,478
FUR-FU-10000965,729
OFF-LA-10004853,724
OFF-BI-10003719,673
OFF-BI-10000545,785
OFF-PA-10003591,674
OFF-PA-10001790,910
TEC-AC-10002049,423
OFF-BI-10003712,921
OFF-BI-10003984,480
FUR-FU-10001424,124
OFF-BI-10002071,958
OFF-ST-10002486,833
TEC-AC-10000927,418
OFF-PA-10001622,858
OFF-AR-10003158,582
TEC-PH-10002660,729
OFF-BI-10003364,562
OFF-EN-10001099,750
OFF-PA-10002250,632
OFF-BI-10004716,661
OFF-LA-10001045,300
OFF-BI-10001510,466
OFF-PA-10002947,276
OFF-PA-10000019,876
FUR-BO-10003441,272
TEC-PH-10004774,990
OFF-BI-10003684,445
TEC-PH-10001494,681
TEC-AC-10004666,518
OFF-ST-10003816,388
FUR-TA-10001520,840
OFF-ST-10001558,576
TEC-AC-10002473,499
TEC-PH-10004531,655
OFF-AP-10004487,404
OFF-PA-10003543,930
TEC-AC-10004353,238
OFF-AR-10001468,689
OFF-PA-10002195,142
OFF-PA-10001745,619
OFF-BI-10004826,358
OFF-PA-10000289,818
OFF-AP-10003040,985
OFF-PA-10000350,680
OFF-BI-10001759,502
OFF-ST-10001496,156
OFF-BI-10002931,757
FUR-TA-10002356,499
FUR-FU-10003601,659
FUR-TA-10004154,114
OFF-PA-10000788,868
FUR-FU-10001940,246
OFF-BI-10004465,659
OFF-PA-10002333,432
FUR-FU-10004188,274
OFF-BI-10000145,283
OFF-LA-10001613,109
OFF-LA-10004055,767
OFF-PA-10004621,977
OFF-PA-10001281,473
OFF-ST-10001097,982
FUR-FU-10001095,236
OFF-BI-10002012,135
OFF-PA-10004156,327
OFF-AR-10000034,897
TEC-PH-10000560,423
OFF-EN-10000461,298
TEC-MA-10003066,209
OFF-BI-10004022,479
OFF-AR-10001988,503
OFF-PA-10003625,736
OFF-BI-10003925,195
OFF-EN-10003862,532
OFF-ST-10004258,696
FUR-FU-10002885,425
TEC-AC-10003033,914
OFF-ST-10000046,589
OFF-BI-10002049,258
FUR-FU-10001602,819
OFF-ST-10003722,493
TEC-AC-10003198,895
FUR-FU-10002191,778
TEC-PH-10004188,411
OFF-ST-10001526,197
OFF-AR-10001166,623
FUR-CH-10000309,121
TEC-MA-10004212,170
OFF-EN-10003072,960
OFF-BI-10000320,736
OFF-PA-10001166,457
OFF-PA-10003656,919
TEC-PH-10000148,533
TEC-PH-10003885,168
OFF-LA-10001175,724
OFF-PA-10000955,410
FUR-FU-10003975,182
OFF-BI-10003707,158
OFF-AR-10000203,385
OFF-AR-10004790,253
TEC-AC-10004761,690
FUR-BO-10001811,337
OFF-AR-10001130,280
OFF-AP-10000055,888
FUR-CH-10002304,961
FUR-FU-10000293,568
OFF-PA-10001307,742
FUR-FU-10004460,710
OFF-AR-10000716,417
FUR-FU-10004622,479
OFF-BI-10003529,889
OFF-BI-10001097,568
OFF-BI-10001597,901
OFF-FA-10001754,226
OFF-FA-10004838,592
TEC-PH-10002115,157
OFF-FA-10003059,952
OFF-BI-10004330,664
OFF-BI-10003669,416
OFF-BI-10003727,292
TEC-AC-10003447,456
OFF-AR-10000255,650
OFF-AP-10002191,101
OFF-PA-10000349,419
FUR-CH-10002880,296
OFF-PA-10003127,381
TEC-MA-10003979,909
OFF-PA-10000029,533
OFF-LA-10000452,141
TEC-PH-10001819,712
OFF-AR-10002952,551
TEC-PH-10000576,819
OFF-PA-10000605,441
OFF-ST-10004340,645
OFF-BI-10004001,955
FUR-TA-10004147,353
OFF-AR-10001545,140
TEC-AC-10001013,883
OFF-AR-10002255,607
OFF-PA-10001892,873
OFF-BI-10003676,642
OFF-FA-10003495,305
OFF-EN-10003798,907
TEC-PH-10003589,597
OFF-PA-10004735,383
FUR-BO-10002206,180
OFF-PA-10000141,983
TEC-PH-10001061,199
OFF-AR-10002375,916
OFF-EN-10001539,384
FUR-TA-10004086,478
OFF-PA-10000100,182
OFF-LA-10000973,509
OFF-ST-10001476,860
OFF-EN-10002831,651
OFF-PA-10001763,209
OFF-BI-10002072,653
OFF-FA-10001561,805
TEC-MA-10004241,889
OFF-AP-10003849,709
OFF-FA-10000735,269
OFF-BI-10003350,745
TEC-PH-10000307,139
TEC-CO-10004202,973
FUR-FU-10001852,323
OFF-AR-10003759,688
OFF-ST-10004337,974
FUR-TA-10001932,291
FUR-CH-10002126,180
TEC-PH-10004700,299
OFF-BI-10003429,281
FUR-FU-10004952,357
OFF-PA-10003172,635
OFF-ST-10002352,301
OFF-PA-10002259,646
OFF-BI-10002976,242
OFF-BI-10003694,495
OFF-LA-10004425,731
FUR-CH-10001270,977
TEC-PH-10004539,135
OFF-AR-10001919,681
TEC-PH-10003655,455
OFF-BI-10004656,576
OFF-ST-10002344,435
TEC-PH-10004447,268
FUR-CH-10003973,108
OFF-PA-10000682,835
FUR-FU-10002268,860
TEC-AC-10001990,618
FUR-CH-10004540,473
OFF-ST-10002292,278
OFF-AR-10004999,588
OFF-BI-10001031,837
OFF-BI-10002432,755
FUR-FU-10001867,445
TEC-PH-10002200,408
TEC-PH-10000439,265
OFF-PA-10001685,924
OFF-ST-10001418,967
OFF-ST-10000676,226
OFF-AR-10001022,460
OFF-EN-10003055,194
TEC-CO-10001046,982
FUR-FU-10000076,981
FUR-FU-10003268,958
FUR-FU-10003691,894
OFF-AR-10003903,376
TEC-PH-10003442,185
OFF-BI-10004519,215
OFF-EN-10004955,357
FUR-TA-10004619,126
FUR-BO-10004467,973
OFF-AR-10002280,434
FUR-CH-10001708,850
OFF-AR-10000462,573
TEC-PH-10004165,307
FUR-FU-10003724,937
FUR-FU-10003535,343
OFF-ST-10003716,701
TEC-PH-10004586,292
OFF-BI-10004236,221
OFF-AR-10000422,697
OFF-PA-10002870,116
OFF-ST-10000563,707
OFF-BI-10002854,932
FUR-CH-10001973,559
TEC-AC-10000580,493
OFF-AR-10004022,844
TEC-AC-10004209,102
TEC-AC-10000023,314
TEC-PH-10003505,534
OFF-LA-10000121,684
OFF-BI-10002026,474
OFF-PA-10000994,760
OFF-BI-10002813,943
OFF-AR-10004817,787
OFF-AR-10001860,604
OFF-BI-10004970,242
OFF-PA-10002968,723
FUR-BO-10003433,244
FUR-FU-10002554,498
TEC-PH-10003437,549
OFF-AP-10003971,553
FUR-CH-10003846,803
OFF-LA-10001404,265
OFF-LA-10001474,209
OFF-PA-10003072,670
FUR-FU-10004960,616
TEC-AC-10003116,920
OFF-AP-10004859,456
OFF-PA-10002659,526
OFF-BI-10004139,279
OFF-AR-10002818,375
OFF-AP-10001303,885
OFF-ST-10002574,161
FUR-FU-10004018,153
TEC-PH-10002549,936
OFF-PA-10004911,535
TEC-MA-10002178,888
OFF-AR-10000411,887
OFF-LA-10000262,999
OFF-PA-10000466,969
OFF-AR-10003829,661
OFF-BI-10001758,480
OFF-BI-10000136,776
OFF-ST-10000649,439
OFF-PA-10003641,820
FUR-CH-10002961,776
OFF-PA-10004041,419
TEC-PH-10001336,921
TEC-MA-10003183,792
TEC-AC-10001314,997
TEC-AC-10004510,717
OFF-BI-10000042,224
FUR-TA-10003008,403
OFF-AP-10003590,440
OFF-PA-10000806,301
OFF-AR-10000896,585
TEC-PH-10002310,652
OFF-ST-10002289,567
OFF-PA-10001289,575
OFF-FA-10000053,371
OFF-EN-10003001,461
FUR-TA-10002958,962
FUR-TA-10001676,720
OFF-BI-10000822,664
OFF-PA-10004888,948
FUR-TA-10002622,103
OFF-PA-10000418,748
FUR-TA-10001039,595
OFF-AR-10002240,214
OFF-BI-10002867,129
FUR-FU-10003976,253
TEC-PH-10002922,344
OFF-PA-10000501,420
OFF-AP-10004980,332
TEC-PH-10001750,722
OFF-BI-10003708,991
OFF-BI-10001191,244
OFF-PA-10003673,223
OFF-PA-10001639,677
TEC-AC-10004975,541
OFF-BI-10004364,779
OFF-PA-10001712,706
FUR-CH-10004289,966
TEC-PH-10002564,993
OFF-BI-10004876,751
TEC-PH-10004348,794
OFF-BI-10004352,126
OFF-BI-10000666,579
TEC-MA-10000010,255
OFF-BI-10000977,752
FUR-TA-10002530,259
FUR-FU-10001473,533
OFF-BI-10001765,300
FUR-CH-10000847,286
OFF-PA-10001293,828
OFF-AR-10000634,609
FUR-FU-10004270,827
OFF-AR-10003770,389
OFF-LA-10003121,967
OFF-PA-10002262,154
OFF-PA-10002464,979
OFF-ST-10002214,853
OFF-PA-10000130,271
TEC-AC-10000865,375
OFF-FA-10003021,679
TEC-PH-10003580,332
TEC-AC-10001109,665
OFF-PA-10001838,477
OFF-ST-10004950,503
OFF-PA-10003823,972
TEC-PH-10001300,526
FUR-TA-10003715,104
TEC-MA-10004458,535
OFF-BI-10004965,473
OFF-AR-10001419,271
OFF-PA-10002586,990
OFF-AR-10002221,355
FUR-FU-10002456,659
OFF-FA-10004968,801
OFF-PA-10001274,574
OFF-PA-10001125,623
OFF-ST-10000344,162
OFF-ST-10003324,307
OFF-ST-10000419,256
OFF-AP-10001626,149
FUR-FU-10003981,488
OFF-ST-10001291,987
OFF-AP-10004868,490
OFF-LA-10002195,446
OFF-AR-10001315,885
OFF-EN-10003134,120
OFF-AR-10001955,205
OFF-LA-10001641,222
OFF-ST-10001370,897
TEC-AC-10003038,508
OFF-BI-10000088,176
OFF-AR-10003504,397
OFF-EN-10003160,674
TEC-AC-10003280,724
TEC-PH-10000169,851
OFF-PA-10001526,530
OFF-AP-10004336,380
OFF-PA-10001357,404
OFF-FA-10000992,845
OFF-AR-10001221,127
TEC-PH-10004830,596
OFF-PA-10004519,176
FUR-BO-10000362,911
OFF-PA-10000308,946
OFF-SU-10001165,511
FUR-FU-10001488,161
OFF-AR-10003251,887
OFF-AR-10001044,356
OFF-AR-10000823,521
OFF-AR-10004456,388
OFF-BI-10000591,620
TEC-PH-10000441,831
TEC-AC-10004855,566
OFF-AR-10001915,157
OFF-ST-10000352,218
OFF-PA-10000575,608
FUR-FU-10002937,980
TEC-AC-10003063,606
FUR-FU-10004415,863
OFF-ST-10002011,516
TEC-PH-10000038,219
OFF-PA-10002689,100
TEC-CO-10001766,459
OFF-PA-10004359,977
OFF-FA-10001135,959
OFF-BI-10004224,865
TEC-PH-10003357,163
OFF-PA-10004475,473
OFF-PA-10003001,351
OFF-FA-10000611,421
OFF-BI-10001116,618
TEC-PH-10004922,226
OFF-BI-10002353,890
OFF-FA-10002676,726
TEC-AC-10003023,367
OFF-PA-10000167,284
TEC-PH-10002185,590
FUR-FU-10000758,445
TEC-MA-10004679,223
OFF-AP-10002495,710
OFF-BI-10002414,874
TEC-AC-10003133,210
TEC-AC-10002006,279
OFF-LA-10002381,359
OFF-FA-10001843,476
OFF-LA-10003077,226
OFF-PA-10003424,290
OFF-PA-10004405,731
FUR-BO-10003965,621
FUR-FU-10002088,208
TEC-AC-10000736,358
FUR-BO-10003966,619
OFF-AP-10000828,330
OFF-AP-10002906,464
OFF-AP-10003860,819
FUR-TA-10001307,481
OFF-PA-10001457,280
OFF-AP-10002082,349
TEC-AC-10003590,237
OFF-PA-10004355,822
OFF-PA-10004947,948
FUR-TA-10004607,715
OFF-PA-10003893,214
TEC-PH-10001817,217
FUR-BO-10000330,327
OFF-BI-10001900,439
FUR-BO-10003159,393
FUR-FU-10001591,664
OFF-LA-10002034,561
OFF-BI-10001628,619
OFF-ST-10000877,991
OFF-AR-10004752,682
OFF-PA-10000675,812
OFF-PA-10001609,603
TEC-PH-10001615,497
TEC-AC-10004568,913
FUR-CH-10001854,263
OFF-AR-10000475,969
TEC-PH-10000455,275
OFF-PA-10001994,124
TEC-AC-10002926,960
TEC-PH-10004897,946
FUR-FU-10001196,412
OFF-PA-10000595,934
OFF-LA-10000443,248
OFF-LA-10001771,293
OFF-AP-10001394,643
FUR-FU-10002553,479
OFF-AP-10004233,227
FUR-CH-10004754,151
OFF-PA-10000809,236
FUR-FU-10002878,262
TEC-PH-10002624,857
TEC-PH-10002885,146
TEC-PH-10000895,143
TEC-MA-10000488,759
OFF-PA-10003729,870
OFF-AP-10001005,444
FUR-CH-10000988,385
FUR-FU-10001986,456
FUR-FU-10004973,543
OFF-ST-10000464,471
OFF-PA-10000528,627
OFF-PA-10003129,463
OFF-AR-10003631,393
OFF-BI-10002133,661
TEC-PH-10004959,798
FUR-BO-10001918,250
FUR-FU-10001617,251
TEC-PH-10002824,110
OFF-PA-10003309,484
OFF-ST-10002554,612
OFF-AR-10002067,874
FUR-TA-10004175,137
FUR-TA-10004767,988
OFF-EN-10002621,117
OFF-LA-10003714,635
FUR-FU-10001889,823
OFF-AR-10003723,531
OFF-PA-10000241,929
OFF-AR-10001446,606
OFF-BI-10001359,556
OFF-EN-10001749,912
OFF-BI-10004390,708
TEC-PH-10004924,540
FUR-CH-10000155,440
OFF-BI-10001757,866
FUR-FU-10004093,763
FUR-FU-10001037,262
OFF-PA-10001878,579
TEC-MA-10003674,895
OFF-LA-10003190,222
TEC-PH-10001809,842
OFF-BI-10003091,950
FUR-CH-10003981,511
OFF-ST-10002562,256
TEC-PH-10004345,547
TEC-PH-10001198,881
OFF-PA-10001972,207
TEC-PH-10002483,351
FUR-BO-10000468,778
TEC-AC-10001284,496
OFF-BI-10002082,907
OFF-ST-10001505,458
OFF-AR-10004582,384
TEC-AC-10002842,235
OFF-AP-10004785,794
TEC-AC-10002217,656
OFF-BI-10002954,312
OFF-AP-10003281,298
OFF-SU-10000898,272
OFF-BI-10001249,808
TEC-AC-10002718,844
TEC-PH-10002352,775
FUR-CH-10003774,278
OFF-AR-10000127,934
TEC-PH-10003811,866
OFF-BI-10002393,281
FUR-TA-10002855,344
OFF-EN-10000781,985
OFF-PA-10002160,468
OFF-AR-10002257,760
OFF-FA-10004395,125
OFF-AP-10002534,718
FUR-BO-10003034,973
OFF-ST-10000943,462
OFF-PA-10000533,868
OFF-ST-10001172,754
OFF-PA-10001661,412
OFF-BI-10004817,563
FUR-CH-10003833,170
FUR-FU-10003142,605
TEC-AC-10001114,226
OFF-FA-10002975,920
OFF-ST-10003996,436
OFF-BI-10002571,823
OFF-PA-10000477,253
OFF-BI-10004209,161
TEC-AC-10002800,635
FUR-TA-10003954,109
TEC-AC-10003289,406
TEC-PH-10002468,116
OFF-PA-10001295,447
OFF-LA-10000248,268
OFF-FA-10004076,115
OFF-LA-10004008,991
OFF-AR-10001177,752
OFF-BI-10001718,834
OFF-AR-10004602,594
OFF-ST-10000078,652
OFF-AR-10004272,855
TEC-PH-10001578,144
OFF-ST-10003638,120
FUR-BO-10002213,453
OFF-EN-10003040,396
TEC-PH-10000923,186
FUR-FU-10003623,741
OFF-AP-10000124,936
OFF-AR-10004511,426
OFF-PA-10003883,418
TEC-PH-10002807,449
FUR-FU-10002364,316
OFF-SU-10001664,281
FUR-TA-10003238,190
TEC-PH-10001536,426
OFF-AR-10004956,658
OFF-AR-10003696,617
OFF-PA-10000551,271
OFF-BI-10004506,563
OFF-PA-10000740,824
FUR-CH-10002084,994
OFF-AP-10000692,977
OFF-AP-10000252,367
FUR-FU-10004748,206
OFF-AR-10000538,364
TEC-PH-10001079,482
OFF-AP-10003842,129
FUR-CH-10000553,963
OFF-AR-10003469,955
OFF-PA-10003790,378
FUR-BO-10002202,487
OFF-AP-10002765,348
OFF-ST-10003692,433
TEC-PH-10001051,142
OFF-AR-10000817,208
OFF-SU-10000952,665
FUR-FU-10004597,235
OFF-BI-10002982,305
OFF-PA-10004285,117
OFF-AP-10001391,468
TEC-PH-10001944,449
OFF-PA-10001776,211
TEC-AC-10004145,642
OFF-PA-10003919,675
OFF-PA-10002001,918
OFF-PA-10002787,658
OFF-ST-10003123,931
FUR-FU-10000308,628
TEC-CO-10003763,666
FUR-TA-10001866,366
OFF-AP-10002222,569
OFF-PA-10003971,579
OFF-AP-10004036,998
OFF-AP-10002287,702
FUR-TA-10001950,460
TEC-PH-10001527,894
TEC-AC-10003095,821
TEC-AC-10000358,646
OFF-EN-10004147,521
FUR-FU-10001468,251
OFF-PA-10000380,173
OFF-AP-10000026,308
OFF-PA-10003936,463
FUR-FU-10002501,587
OFF-AP-10001205,598
OFF-BI-10004141,688
OFF-BI-10000632,403
TEC-AC-10004864,919
TEC-MA-10000597,816
OFF-PA-10002960,156
OFF-PA-10000919,453
OFF-BI-10001553,362
OFF-AP-10004540,773
FUR-CH-10001714,255
FUR-FU-10002298,267
OFF-AR-10000315,138
OFF-FA-10000936,800
OFF-SU-10004768,837
OFF-PA-10002581,991
OFF-AP-10002403,613
OFF-AR-10003087,114
TEC-PH-10000141,607
TEC-CO-10000971,103
OFF-FA-10001229,696
OFF-BI-10002437,333
OFF-PA-10004255,709
OFF-PA-10001184,775
TEC-AC-10002637,305
FUR-BO-10000780,485
TEC-PH-10003072,196
TEC-MA-10000112,350
TEC-AC-10004171,373
FUR-TA-10002645,703
OFF-BI-10003784,528
OFF-BI-10001617,646
FUR-CH-10002439,335
OFF-AP-10003057,837
FUR-TA-10000849,762
OFF-EN-10002973,157
OFF-BI-10003963,502
OFF-LA-10000081,162
OFF-PA-10000726,496
OFF-PA-10004983,500
FUR-FU-10002107,896
FUR-CH-10001190,162
TEC-AC-10000682,918
OFF-LA-10004545,862
OFF-SU-10002557,404
TEC-PH-10000912,770
OFF-ST-10001837,330
OFF-AR-10001473,466
TEC-PH-10001835,332
OFF-PA-10002245,261
OFF-EN-10004483,416
OFF-SU-10000151,230
OFF-AP-10001293,668
TEC-PH-10000675,100
OFF-ST-10003470,613
OFF-LA-10004559,590
OFF-AP-10002651,319
TEC-AC-10002550,488
OFF-BI-10000829,149
TEC-PH-10002555,836
FUR-BO-10003450,832
FUR-FU-10004665,718
TEC-PH-10000369,722
TEC-AC-10001590,466
FUR-FU-10004909,262
FUR-BO-10004357,849
TEC-AC-10000387,788
OFF-BI-10001308,916
OFF-AP-10002734,909
FUR-FU-10004587,218
TEC-PH-10004833,895
FUR-FU-10001847,216
FUR-FU-10002045,930
FUR-FU-10004671,714
FUR-TA-10003569,981
OFF-PA-10001752,466
TEC-MA-10003356,538
OFF-AR-10003727,143
TEC-AC-10001635,642
OFF-LA-10003663,268
TEC-CO-10004722,475
TEC-MA-10002210,518
OFF-BI-10003196,825
FUR-CH-10002017,446
FUR-FU-10003829,486
OFF-PA-10000697,197
OFF-AR-10004691,385
OFF-BI-10000948,535
OFF-PA-10000223,454
OFF-PA-10000062,458
FUR-BO-10003404,105
OFF-BI-10004233,385
TEC-PH-10002834,344
FUR-CH-10003761,133
OFF-PA-10004665,163
OFF-BI-10001196,755
TEC-MA-10002981,340
TEC-PH-10003601,808
OFF-BI-10002003,326
OFF-PA-10003016,663
OFF-PA-10002246,916
TEC-PH-10002890,719
TEC-MA-10003626,454
TEC-MA-10002412,662
OFF-AR-10003183,286
OFF-PA-10002319,730
OFF-PA-10001246,328
OFF-PA-10001815,306
FUR-FU-10001876,937
TEC-PH-10000673,607
TEC-PH-10002075,242
TEC-PH-10003691,721
OFF-SU-10000157,969
TEC-AC-10004227,112
TEC-AC-10004127,254
FUR-CH-10002758,425
OFF-ST-10000532,868
TEC-AC-10003709,833
OFF-BI-10003166,124
OFF-ST-10004835,941
OFF-AP-10000159,914
OFF-AP-10001242,442
TEC-AC-10003433,601
TEC-PH-10003187,979
OFF-FA-10002763,330
OFF-PA-10004239,430
OFF-PA-10004782,605
FUR-FU-10001185,209
OFF-PA-10003270,523
OFF-PA-10002421,514
OFF-PA-10002923,694
OFF-ST-10001128,806
OFF-PA-10000520,728
FUR-FU-10003832,973
FUR-FU-10000409,815
TEC-PH-10004389,134
OFF-SU-10000946,428
FUR-FU-10001546,592
OFF-PA-10000791,808
OFF-PA-10003739,129
FUR-FU-10000771,774
OFF-ST-10002615,642
OFF-PA-10000327,761
OFF-EN-10003286,677
OFF-AR-10003772,183
OFF-AR-10003338,132
FUR-FU-10002116,231
FUR-CH-10000422,236
FUR-FU-10002685,797
FUR-FU-10004963,191
OFF-BI-10000174,551
FUR-CH-10004875,887
FUR-FU-10000305,208
TEC-PH-10001459,124
FUR-FU-10002445,461
OFF-PA-10000213,632
FUR-CH-10001797,562
OFF-PA-10003848,246
FUR-FU-10000755,910
FUR-FU-10000550,328
TEC-MA-10004521,116
OFF-BI-10003655,641
OFF-AP-10003779,281
OFF-FA-10002701,975
OFF-BI-10002799,101
OFF-AR-10003582,769
FUR-FU-10004666,665
OFF-EN-10002312,945
FUR-CH-10002320,824
OFF-AR-10001216,631
FUR-FU-10003247,811
FUR-TA-10003837,421
TEC-PH-10002350,181
TEC-AC-10000397,403
TEC-AC-10004001,197
OFF-PA-10001534,687
FUR-FU-10002379,201
TEC-PH-10000526,303
OFF-PA-10001977,209
FUR-BO-10003660,214
OFF-BI-10001267,740
OFF-PA-10002741,836
OFF-PA-10001471,145
TEC-MA-10001972,143
FUR-FU-10003464,944
OFF-PA-10004438,549
FUR-FU-10004586,986
TEC-PH-10004908,284
FUR-CH-10004495,465
TEC-MA-10000418,836
OFF-BI-10004600,672
OFF-BI-10004040,927
OFF-AR-10001615,403
TEC-PH-10001299,396
OFF-AR-10004260,358
OFF-EN-10004773,754
OFF-BI-10001787,416
OFF-ST-10002957,368
OFF-FA-10001883,895
TEC-PH-10001644,440
OFF-LA-10000407,623
TEC-AC-10000420,347
OFF-EN-10004846,247
OFF-SU-10003567,687
OFF-ST-10002301,451
TEC-PH-10003095,789
TEC-PH-10004912,773
OFF-AR-10000799,592
OFF-PA-10004609,486
TEC-PH-10003171,784
OFF-AP-10000595,773
TEC-AC-10003399,650
TEC-MA-10002428,729
TEC-PH-10001128,591
OFF-PA-10001033,412
TEC-AC-10000474,806
FUR-FU-10002963,497
FUR-FU-10000193,209
OFF-BI-10000962,625
OFF-AP-10002867,941
FUR-BO-10002916,293
FUR-TA-10004152,450
FUR-FU-10000672,982
FUR-BO-10002598,846
OFF-PA-10004610,199
FUR-FU-10000320,121
FUR-CH-10003535,291
FUR-FU-10003919,878
OFF-PA-10000174,886
FUR-FU-10002703,811
TEC-PH-10002415,171
OFF-AR-10000657,646
OFF-PA-10004996,183
OFF-PA-10003363,773
TEC-AC-10002305,980
TEC-AC-10000990,820
FUR-BO-10001608,203
FUR-BO-10000112,217
TEC-PH-10004120,630
OFF-BI-10003476,344
TEC-MA-10002859,503
OFF-AP-10001947,778
OFF-LA-10001982,930
TEC-PH-10003484,224
OFF-PA-10000007,920
OFF-PA-10000552,208
OFF-AR-10004062,333
OFF-ST-10000321,753
TEC-AC-10002134,930
TEC-PH-10004071,862
OFF-PA-10004039,499
OFF-AR-10001725,239
OFF-AR-10004269,588
OFF-BI-10003007,856
OFF-SU-10002522,673
TEC-AC-10004859,278
TEC-AC-10002558,949
FUR-FU-10001731,459
OFF-SU-10004782,531
OFF-SU-10000432,808
OFF-LA-10004409,700
OFF-ST-10001031,358
OFF-LA-10000476,584
OFF-AR-10002987,630
TEC-CO-10001571,967
FUR-FU-10003026,964
OFF-ST-10001034,127
TEC-AC-10000521,980
OFF-SU-10003002,904
TEC-PH-10000730,269
FUR-CH-10004983,646
OFF-FA-10001332,122
TEC-AC-10001874,516
OFF-BI-10000494,571
FUR-TA-10003469,120
OFF-AR-10003179,950
FUR-CH-10003606,484
FUR-CH-10003298,884
OFF-LA-10003537,124
OFF-PA-10000069,929
OFF-PA-10004733,121
TEC-AC-10004814,221
OFF-SU-10002301,301
OFF-BI-10004318,365
FUR-FU-10004164,734
TEC-AC-10001539,175
TEC-PH-10002789,792
OFF-BI-10004828,222
OFF-AR-10001770,646
FUR-FU-10004904,948
FUR-FU-10002396,928
TEC-AC-10002331,704
TEC-AC-10001090,859
FUR-BO-10004218,375
TEC-PH-10001619,989
OFF-PA-10000246,777
OFF-PA-10001461,656
OFF-AR-10004165,629
OFF-EN-10001028,526
TEC-PH-10003535,102
FUR-FU-10001085,125
OFF-AR-10003481,285
OFF-PA-10002606,965
FUR-FU-10003731,834
OFF-AP-10001962,379
FUR-FU-10003798,476
OFF-AR-10002704,803
TEC-AC-10002942,517
TEC-MA-10001016,996
TEC-AC-10001553,752
FUR-FU-10001215,502
OFF-PA-10002499,821
TEC-PH-10003215,815
OFF-LA-10002945,869
OFF-AR-10002766,979
TEC-PH-10004434,972
FUR-BO-10000711,447
OFF-BI-10001120,850
OFF-AP-10004655,280
FUR-BO-10004360,140
TEC-AC-10000199,882
TEC-MA-10001127,167
OFF-AR-10001227,423
FUR-CH-10000229,421
FUR-BO-10002853,584
OFF-PA-10004022,760
OFF-PA-10004248,294
OFF-PA-10001363,555
OFF-BI-10003876,771
OFF-EN-10004007,444
FUR-BO-10003894,773
TEC-MA-10001570,167
FUR-FU-10003930,296
OFF-PA-10000232,735
OFF-AR-10001972,187
OFF-AR-10004587,189
OFF-AP-10001366,414
OFF-BI-10000216,840
TEC-MA-10001047,133
OFF-LA-10003720,914
TEC-MA-10003246,305
FUR-FU-10000175,358
OFF-PA-10000556,674
TEC-AC-10003237,858
OFF-EN-10003068,556
FUR-FU-10004053,738
OFF-PA-10000565,157
OFF-LA-10000414,412
OFF-AP-10002998,467
FUR-BO-10004690,338
OFF-AR-10002445,813
FUR-BO-10003546,297
FUR-TA-10003392,269
OFF-AR-10003217,856
OFF-ST-10001932,818
OFF-AR-10001761,604
OFF-EN-10003567,205
OFF-PA-10003022,809
FUR-TA-10004442,143
OFF-ST-10000129,600
OFF-PA-10004948,121
OFF-PA-10001725,993
TEC-PH-10000213,575
OFF-PA-10000807,616
OFF-ST-10003805,651
OFF-PA-10004353,661
OFF-EN-10004206,159
OFF-LA-10003388,698
TEC-PH-10000193,338
FUR-FU-10002111,600
OFF-ST-10000885,354
OFF-PA-10002709,605
FUR-FU-10003424,429
OFF-BI-10003718,282
FUR-FU-10002508,746
OFF-AP-10004052,762
OFF-PA-10003134,540
FUR-FU-10000719,257
FUR-BO-10003893,129
TEC-CO-10001943,720
FUR-CH-10000749,244
OFF-PA-10003228,460
TEC-AC-10001542,985
TEC-AC-10004877,432
TEC-PH-10001305,429
OFF-PA-10000483,442
TEC-AC-10000487,607
TEC-AC-10002018,127
OFF-PA-10004381,812
OFF-EN-10001453,873
OFF-SU-10001212,385
OFF-BI-10000201,229
TEC-AC-10004396,877
OFF-AR-10002467,663
FUR-FU-10002813,519
TEC-MA-10000752,505
FUR-FU-10004845,593
OFF-FA-10000840,463
OFF-AR-10001231,343
TEC-PH-10004875,885
FUR-CH-10001802,385
TEC-PH-10003356,318
OFF-AP-10002670,135
OFF-FA-10003485,960
OFF-AP-10000390,426
OFF-PA-10002764,232
OFF-PA-10000143,101
TEC-MA-10000045,309
OFF-ST-10000136,230
TEC-PH-10004522,401
TEC-PH-10002584,111
FUR-CH-10004626,598
TEC-PH-10000562,523
FUR-FU-10001025,317
OFF-LA-10004178,535
OFF-PA-10003797,650
OFF-EN-10003448,622
OFF-AP-10000938,926
OFF-SU-10004737,545
FUR-TA-10001691,866
TEC-MA-10003173,427
OFF-LA-10000305,670
TEC-PH-10002583,127
OFF-AR-10003876,751
OFF-PA-10003063,916
OFF-PA-10003302,873
TEC-MA-10000423,258
TEC-AC-10004992,765
OFF-BI-10004099,791
OFF-PA-10001215,891
TEC-AC-10003870,544
OFF-AP-10000275,917
FUR-FU-10003192,133
OFF-PA-10000859,849
OFF-AR-10000614,430
OFF-FA-10000089,860
FUR-TA-10001771,261
FUR-CH-10002044,480
FUR-TA-10001086,496
OFF-PA-10000048,371
TEC-MA-10002109,159
OFF-PA-10003036,421
TEC-PH-10001870,382
OFF-ST-10002182,118
TEC-PH-10001468,156
OFF-AR-10004010,650
OFF-ST-10003572,494
OFF-ST-10003994,408
FUR-CH-10001545,267
FUR-FU-10004245,219
OFF-EN-10002592,312
OFF-AR-10000914,794
OFF-LA-10003498,894
TEC-MA-10003329,206
FUR-FU-10000747,537
TEC-PH-10004100,980
OFF-ST-10000636,261
TEC-PH-10003174,749
OFF-PA-10001497,204
OFF-PA-10001952,492
OFF-SU-10004661,587
OFF-PA-10001826,343
TEC-MA-10001031,224
TEC-MA-10003176,631
TEC-AC-10002647,848
TEC-PH-10002114,358
OFF-PA-10001593,557
TEC-AC-10004803,779
OFF-PA-10001801,789
TEC-PH-10000127,773
OFF-AP-10001564,112
TEC-AC-10004595,119
FUR-FU-10002874,477
FUR-FU-10003489,452
TEC-MA-10002073,477
TEC-PH-10004006,823
OFF-BI-10000279,878
OFF-PA-10000300,456
OFF-BI-10004308,515
TEC-PH-10004080,406
OFF-PA-10001260,830
OFF-ST-10004946,224
OFF-PA-10002109,541
TEC-MA-10004255,166
FUR-FU-10003095,452
FUR-FU-10000820,143
TEC-MA-10002930,720
OFF-PA-10003205,848
OFF-LA-10002368,493
TEC-MA-10003230,674
OFF-PA-10000295,635
OFF-SU-10004884,985
FUR-FU-10002240,817
FUR-FU-10001057,602
FUR-CH-10002073,927
OFF-AP-10003278,343
TEC-PH-10002070,480
FUR-FU-10000277,731
TEC-AC-10004420,174
TEC-PH-10004094,643
TEC-MA-10002790,498
OFF-AP-10001634,624
OFF-PA-10001837,477
OFF-AR-10003896,513
OFF-BI-10002897,569
OFF-PA-10001243,845
FUR-FU-10003806,440
TEC-MA-10000904,135
OFF-LA-10002473,822
FUR-FU-10003374,970
TEC-MA-10001856,719
OFF-ST-10003641,510
OFF-AR-10004707,229
TEC-MA-10004086,306
TEC-MA-10001695,730
FUR-FU-10002506,258
TEC-AC-10004518,769
OFF-AP-10000027,430
OFF-PA-10002558,684
TEC-AC-10000926,562
OFF-PA-10001846,430
TEC-MA-10003673,424
FUR-BO-10001567,714
FUR-FU-10001379,591
TEC-MA-10000984,496
OFF-AR-10000937,613
FUR-FU-10002030,573
OFF-FA-10000254,381
OFF-AP-10004136,210
TEC-AC-10002370,791
OFF-AR-10003986,793
OFF-SU-10004290,877
TEC-MA-10004552,763
OFF-PA-10000312,805
OFF-PA-10001001,538
OFF-PA-10001583,278
TEC-MA-10002694,696
TEC-MA-10004626,883
TEC-PH-10004241,939
OFF-SU-10003936,127
TEC-MA-10003337,755
OFF-PA-10000210,382
OFF-AR-10003477,314
FUR-CH-10002317,748
OFF-LA-10004677,592
FUR-CH-10002780,662
OFF-EN-10001535,637
TEC-MA-10003493,510
TEC-AC-10002380,410
TEC-PH-10002817,316
TEC-MA-10003589,525
OFF-AP-10003099,379
TEC-PH-10002645,660
OFF-ST-10001627,120
